,input_option,economic_inds,archi,iter_no,loss,accuracy,mean squared error
0,BaseLine,,,0,0.0,0.9803076982498169,0.041846152395009995
1,grades_only,,rnn,0,0.10544278472661972,0.9803076982498169,0.012863176874816418
2,ev_nm_20_2_5_1_rnn__36,[ 0  1 14  3  4 18 12 10 13 16],rnn,0,0.12082699686288834,0.9772307872772217,0.014865255914628506
3,ev_nm_20_2_5_1_rnn__36,[ 0  1 14 12 18 10 13 17 15  9],rnn,0,0.10792938619852066,0.980923056602478,0.01254164706915617
4,ev_nm_20_2_5_1_rnn__36,[ 0 13  2  3 16  5 12  7  8 11],rnn,0,0.10834912955760956,0.9803076982498169,0.012949168682098389
5,ev_nm_20_2_5_1_rnn__36,[ 0 14  2 17 18  5 13 11  8 15],rnn,0,0.12419138848781586,0.9772307872772217,0.014996559359133244
6,ev_nm_20_2_5_1_rnn__36,[ 0 11  2  3 15 18  6  7 10  9],rnn,0,0.11789028346538544,0.9778461456298828,0.01434041652828455
7,ev_nm_20_2_5_1_rnn__36,[ 0 17  2 16 18 11  6 13 14  9],rnn,0,0.14669862389564514,0.9735384583473206,0.017453620210289955
8,ev_nm_20_2_5_1_rnn__36,[ 0 13 12  3  4  5  6  7 10  9],rnn,0,0.12495789676904678,0.9760000109672546,0.015678193420171738
9,ev_nm_20_2_5_1_rnn__36,[ 0  1 16 14  4 17  6  7 12 10],rnn,0,0.10874596238136292,0.9803076982498169,0.01295538991689682
10,ev_nm_20_2_5_1_rnn__36,[ 0  1  2 15 13 14 17 11  8 12],rnn,0,0.11705430597066879,0.9784615635871887,0.014186345972120762
11,ev_nm_20_2_5_1_rnn__36,[ 0 14 13  3  4 16  6 15  8  9],rnn,0,0.11054495722055435,0.979692280292511,0.013168515637516975
12,ev_nm_20_2_5_1_rnn__36,[ 0  1  2 14 13  5  6 17 15 18],rnn,0,0.1093282550573349,0.9790769219398499,0.013637827709317207
13,ev_nm_20_2_5_1_rnn__36,[ 0 18 12  3  4  5 15 11  8  9],rnn,0,0.12327906489372253,0.9766153693199158,0.015322573482990265
14,ev_nm_20_2_5_1_rnn__36,[15  1 18 16  4  5 12  7  8  9],rnn,0,0.14385977387428284,0.9723076820373535,0.018082082271575928
15,ev_nm_20_2_5_1_rnn__36,[ 0  1 13  3 16  5  6 10 14  9],rnn,0,0.12034466862678528,0.9778461456298828,0.014733891002833843
16,ev_nm_20_2_5_1_rnn__36,[ 0 12  2  3 17  5 11 15  8 16],rnn,0,0.12190693616867065,0.9766153693199158,0.015290232375264168
17,ev_nm_20_2_5_1_rnn__36,[ 0 13  2 17  4  5  6 18 14  9],rnn,0,0.12463021278381348,0.9766153693199158,0.015282458625733852
18,ev_nm_20_2_5_1_rnn__36,[ 0 10 14 16 11 15  6  7 13 12],rnn,0,0.12531554698944092,0.9766153693199158,0.015432043001055717
19,ev_nm_20_2_5_1_rnn__36,[18  1  2 10 17  5 15 14  8 11],rnn,0,0.13416698575019836,0.9747692346572876,0.016549449414014816
20,ev_nm_20_2_5_1_rnn__36,[15 10  2  3  4  5  6  7  8 17],rnn,0,0.12316767126321793,0.9766153693199158,0.015243344940245152
21,ev_nm_20_2_5_1_rnn__36,[ 0 10  2  3 11  5 14  7 13  9],rnn,0,0.13192638754844666,0.9747692346572876,0.016542421653866768
22,ev_nm_20_2_5_1_rnn__36,[0 0 0 0 0 0 0 0 0 0],rnn,0,0.129110649228096,0.9772307872772217,0.015031006187200546
23,ev_ex_5_1_10_1_rnn__36,[ 0  1 14  3  4 18 12 10 13 16],rnn,0,0.11833108961582184,0.9766153693199158,0.015059751458466053
24,ev_ex_5_1_10_1_rnn__36,[ 0  1 14 12 18 10 13 17 15  9],rnn,0,0.14482200145721436,0.9716923236846924,0.018444320186972618
25,ev_ex_5_1_10_1_rnn__36,[ 0 13  2  3 16  5 12  7  8 11],rnn,0,0.136515811085701,0.9735384583473206,0.017074618488550186
26,ev_ex_5_1_10_1_rnn__36,[ 0 14  2 17 18  5 13 11  8 15],rnn,0,0.08939410001039505,0.984000027179718,0.010452774353325367
27,ev_ex_5_1_10_1_rnn__36,[ 0 11  2  3 15 18  6  7 10  9],rnn,0,0.12279296666383743,0.9772307872772217,0.014967922121286392
28,ev_ex_5_1_10_1_rnn__36,[ 0 17  2 16 18 11  6 13 14  9],rnn,0,0.13898085057735443,0.9723076820373535,0.01776023954153061
29,ev_ex_5_1_10_1_rnn__36,[ 0 13 12  3  4  5  6  7 10  9],rnn,0,0.1119602769613266,0.9790769219398499,0.01375578623265028
30,ev_ex_5_1_10_1_rnn__36,[ 0  1 16 14  4 17  6  7 12 10],rnn,0,0.12247366458177567,0.9766153693199158,0.015204898081719875
31,ev_ex_5_1_10_1_rnn__36,[ 0  1  2 15 13 14 17 11  8 12],rnn,0,0.13616091012954712,0.9741538166999817,0.016888797283172607
32,ev_ex_5_1_10_1_rnn__36,[ 0 14 13  3  4 16  6 15  8  9],rnn,0,0.11376874893903732,0.9784615635871887,0.013660239987075329
33,ev_ex_5_1_10_1_rnn__36,[ 0  1  2 14 13  5  6 17 15 18],rnn,0,0.12538833916187286,0.9760000109672546,0.015655124559998512
34,ev_ex_5_1_10_1_rnn__36,[ 0 18 12  3  4  5 15 11  8  9],rnn,0,0.12013425678014755,0.9772307872772217,0.014867343939840794
35,ev_ex_5_1_10_1_rnn__36,[15  1 18 16  4  5 12  7  8  9],rnn,0,0.11651164293289185,0.9784615635871887,0.014113000594079494
36,ev_ex_5_1_10_1_rnn__36,[ 0  1 13  3 16  5  6 10 14  9],rnn,0,0.11562123149633408,0.9784615635871887,0.01408089604228735
37,ev_ex_5_1_10_1_rnn__36,[ 0 12  2  3 17  5 11 15  8 16],rnn,0,0.10758284479379654,0.9815384745597839,0.012345843948423862
38,ev_ex_5_1_10_1_rnn__36,[ 0 13  2 17  4  5  6 18 14  9],rnn,0,0.12259611487388611,0.9766153693199158,0.015265458263456821
39,ev_ex_5_1_10_1_rnn__36,[ 0 10 14 16 11 15  6  7 13 12],rnn,0,0.1110014095902443,0.9790769219398499,0.013668546453118324
40,ev_ex_5_1_10_1_rnn__36,[18  1  2 10 17  5 15 14  8 11],rnn,0,0.12306924164295197,0.9772307872772217,0.014981826767325401
41,ev_ex_5_1_10_1_rnn__36,[15 10  2  3  4  5  6  7  8 17],rnn,0,0.12273786962032318,0.9766153693199158,0.015189598314464092
42,ev_ex_5_1_10_1_rnn__36,[ 0 10  2  3 11  5 14  7 13  9],rnn,0,0.11631219834089279,0.9790769219398499,0.01377062126994133
43,ev_ex_5_1_10_1_rnn__36,[0 0 0 0 0 0 0 0 0 0],rnn,0,0.10111869871616364,0.9821538329124451,0.011800608597695827
44,ev_ex_5_2_5_1_rnn__36,[ 0  1 14  3  4 18 12 10 13 16],rnn,0,0.10854081809520721,0.980923056602478,0.012383592315018177
45,ev_ex_5_2_5_1_rnn__36,[ 0  1 14 12 18 10 13 17 15  9],rnn,0,0.12919799983501434,0.9753845930099487,0.016098547726869583
46,ev_ex_5_2_5_1_rnn__36,[ 0 13  2  3 16  5 12  7  8 11],rnn,0,0.10305500775575638,0.9815384745597839,0.012153885327279568
47,ev_ex_5_2_5_1_rnn__36,[ 0 14  2 17 18  5 13 11  8 15],rnn,0,0.11109526455402374,0.9803076982498169,0.013026190921664238
48,ev_ex_5_2_5_1_rnn__36,[ 0 11  2  3 15 18  6  7 10  9],rnn,0,0.12818647921085358,0.9753845930099487,0.015979863703250885
49,ev_ex_5_2_5_1_rnn__36,[ 0 17  2 16 18 11  6 13 14  9],rnn,0,0.13566242158412933,0.9747692346572876,0.01656944863498211
50,ev_ex_5_2_5_1_rnn__36,[ 0 13 12  3  4  5  6  7 10  9],rnn,0,0.12902331352233887,0.9753845930099487,0.015952937304973602
51,ev_ex_5_2_5_1_rnn__36,[ 0  1 16 14  4 17  6  7 12 10],rnn,0,0.12466148287057877,0.9772307872772217,0.014988468028604984
52,ev_ex_5_2_5_1_rnn__36,[ 0  1  2 15 13 14 17 11  8 12],rnn,0,0.14043645560741425,0.9723076820373535,0.017895124852657318
53,ev_ex_5_2_5_1_rnn__36,[ 0 14 13  3  4 16  6 15  8  9],rnn,0,0.12882639467716217,0.9760000109672546,0.01566142775118351
54,ev_ex_5_2_5_1_rnn__36,[ 0  1  2 14 13  5  6 17 15 18],rnn,0,0.12967121601104736,0.9753845930099487,0.0161164291203022
55,ev_ex_5_2_5_1_rnn__36,[ 0 18 12  3  4  5 15 11  8  9],rnn,0,0.112761490046978,0.9803076982498169,0.012991487979888916
56,ev_ex_5_2_5_1_rnn__36,[15  1 18 16  4  5 12  7  8  9],rnn,0,0.11525706201791763,0.9790769219398499,0.013881588354706764
57,ev_ex_5_2_5_1_rnn__36,[ 0  1 13  3 16  5  6 10 14  9],rnn,0,0.1401449590921402,0.9747692346572876,0.01685144565999508
58,ev_ex_5_2_5_1_rnn__36,[ 0 12  2  3 17  5 11 15  8 16],rnn,0,0.12386807054281235,0.9753845930099487,0.015859652310609818
59,ev_ex_5_2_5_1_rnn__36,[ 0 13  2 17  4  5  6 18 14  9],rnn,0,0.10690084099769592,0.980923056602478,0.012590480968356133
60,ev_ex_5_2_5_1_rnn__36,[ 0 10 14 16 11 15  6  7 13 12],rnn,0,0.1273137927055359,0.9766153693199158,0.015360495075583458
61,ev_ex_5_2_5_1_rnn__36,[18  1  2 10 17  5 15 14  8 11],rnn,0,0.1190945953130722,0.9772307872772217,0.014748227782547474
62,ev_ex_5_2_5_1_rnn__36,[15 10  2  3  4  5  6  7  8 17],rnn,0,0.12628759443759918,0.9760000109672546,0.015642546117305756
63,ev_ex_5_2_5_1_rnn__36,[ 0 10  2  3 11  5 14  7 13  9],rnn,0,0.10920264571905136,0.979692280292511,0.013084330596029758
64,ev_ex_5_2_5_1_rnn__36,[0 0 0 0 0 0 0 0 0 0],rnn,0,0.12302771210670471,0.9766153693199158,0.015250232070684433
65,ev_ex_20_1_10_1_rnn__36,[ 0  1 14  3  4 18 12 10 13 16],rnn,0,0.12689028680324554,0.9753845930099487,0.015885457396507263
66,ev_ex_20_1_10_1_rnn__36,[ 0  1 14 12 18 10 13 17 15  9],rnn,0,0.12406715005636215,0.9760000109672546,0.015632472932338715
67,ev_ex_20_1_10_1_rnn__36,[ 0 13  2  3 16  5 12  7  8 11],rnn,0,0.11818863451480865,0.9778461456298828,0.014671438373625278
68,ev_ex_20_1_10_1_rnn__36,[ 0 14  2 17 18  5 13 11  8 15],rnn,0,0.11561264842748642,0.979692280292511,0.01341640017926693
69,ev_ex_20_1_10_1_rnn__36,[ 0 11  2  3 15 18  6  7 10  9],rnn,0,0.11732745915651321,0.9784615635871887,0.01427623350173235
70,ev_ex_20_1_10_1_rnn__36,[ 0 17  2 16 18 11  6 13 14  9],rnn,0,0.14157113432884216,0.9729230999946594,0.017628375440835953
71,ev_ex_20_1_10_1_rnn__36,[ 0 13 12  3  4  5  6  7 10  9],rnn,0,0.1112021654844284,0.9784615635871887,0.01392500288784504
72,ev_ex_20_1_10_1_rnn__36,[ 0  1 16 14  4 17  6  7 12 10],rnn,0,0.1187451109290123,0.9790769219398499,0.013987580314278603
73,ev_ex_20_1_10_1_rnn__36,[ 0  1  2 15 13 14 17 11  8 12],rnn,0,0.11139601469039917,0.979692280292511,0.013317838311195374
74,ev_ex_20_1_10_1_rnn__36,[ 0 14 13  3  4 16  6 15  8  9],rnn,0,0.12379192560911179,0.9766153693199158,0.015305615030229092
75,ev_ex_20_1_10_1_rnn__36,[ 0  1  2 14 13  5  6 17 15 18],rnn,0,0.10428933799266815,0.980923056602478,0.012514191679656506
76,ev_ex_20_1_10_1_rnn__36,[ 0 18 12  3  4  5 15 11  8  9],rnn,0,0.12732580304145813,0.9753845930099487,0.01605515368282795
77,ev_ex_20_1_10_1_rnn__36,[15  1 18 16  4  5 12  7  8  9],rnn,0,0.1103634312748909,0.980923056602478,0.01268049143254757
78,ev_ex_20_1_10_1_rnn__36,[ 0  1 13  3 16  5  6 10 14  9],rnn,0,0.14524635672569275,0.9716923236846924,0.018168240785598755
79,ev_ex_20_1_10_1_rnn__36,[ 0 12  2  3 17  5 11 15  8 16],rnn,0,0.12709678709506989,0.9784615635871887,0.01416032761335373
80,ev_ex_20_1_10_1_rnn__36,[ 0 13  2 17  4  5  6 18 14  9],rnn,0,0.10615864396095276,0.980923056602478,0.01256372220814228
81,ev_ex_20_1_10_1_rnn__36,[ 0 10 14 16 11 15  6  7 13 12],rnn,0,0.10580004006624222,0.9803076982498169,0.012910423800349236
82,ev_ex_20_1_10_1_rnn__36,[18  1  2 10 17  5 15 14  8 11],rnn,0,0.12943395972251892,0.9753845930099487,0.016101667657494545
83,ev_ex_20_1_10_1_rnn__36,[15 10  2  3  4  5  6  7  8 17],rnn,0,0.11133292317390442,0.9790769219398499,0.013691382482647896
84,ev_ex_20_1_10_1_rnn__36,[ 0 10  2  3 11  5 14  7 13  9],rnn,0,0.1204497367143631,0.9766153693199158,0.015092399902641773
85,ev_ex_20_1_10_1_rnn__36,[0 0 0 0 0 0 0 0 0 0],rnn,0,0.12734076380729675,0.9766153693199158,0.015222226269543171
86,ev_nm_15_2_10_1_rnn__36,[ 0  1 14  3  4 18 12 10 13 16],rnn,0,0.14451493322849274,0.9716923236846924,0.01843121089041233
87,ev_nm_15_2_10_1_rnn__36,[ 0  1 14 12 18 10 13 17 15  9],rnn,0,0.13649146258831024,0.9753845930099487,0.016187841072678566
88,ev_nm_15_2_10_1_rnn__36,[ 0 13  2  3 16  5 12  7  8 11],rnn,0,0.1314183473587036,0.9760000109672546,0.01585022173821926
89,ev_nm_15_2_10_1_rnn__36,[ 0 14  2 17 18  5 13 11  8 15],rnn,0,0.12471159547567368,0.9760000109672546,0.015523490495979786
90,ev_nm_15_2_10_1_rnn__36,[ 0 11  2  3 15 18  6  7 10  9],rnn,0,0.12992504239082336,0.9747692346572876,0.01633811555802822
91,ev_nm_15_2_10_1_rnn__36,[ 0 17  2 16 18 11  6 13 14  9],rnn,0,0.15674790740013123,0.9698461294174194,0.019684961065649986
92,ev_nm_15_2_10_1_rnn__36,[ 0 13 12  3  4  5  6  7 10  9],rnn,0,0.12397941946983337,0.9766153693199158,0.015043123625218868
93,ev_nm_15_2_10_1_rnn__36,[ 0  1 16 14  4 17  6  7 12 10],rnn,0,0.11384686827659607,0.9790769219398499,0.013745816424489021
94,ev_nm_15_2_10_1_rnn__36,[ 0  1  2 15 13 14 17 11  8 12],rnn,0,0.12656138837337494,0.9772307872772217,0.015171338804066181
95,ev_nm_15_2_10_1_rnn__36,[ 0 14 13  3  4 16  6 15  8  9],rnn,0,0.12773698568344116,0.9760000109672546,0.01572238653898239
96,ev_nm_15_2_10_1_rnn__36,[ 0  1  2 14 13  5  6 17 15 18],rnn,0,0.1145934984087944,0.9790769219398499,0.013645163737237453
97,ev_nm_15_2_10_1_rnn__36,[ 0 18 12  3  4  5 15 11  8  9],rnn,0,0.11884397268295288,0.9784615635871887,0.014108609408140182
98,ev_nm_15_2_10_1_rnn__36,[15  1 18 16  4  5 12  7  8  9],rnn,0,0.11733103543519974,0.9772307872772217,0.014730164781212807
99,ev_nm_15_2_10_1_rnn__36,[ 0  1 13  3 16  5  6 10 14  9],rnn,0,0.11502159386873245,0.9784615635871887,0.014167070388793945
100,ev_nm_15_2_10_1_rnn__36,[ 0 12  2  3 17  5 11 15  8 16],rnn,0,0.1332908272743225,0.9747692346572876,0.016551075503230095
101,ev_nm_15_2_10_1_rnn__36,[ 0 13  2 17  4  5  6 18 14  9],rnn,0,0.12833350896835327,0.9760000109672546,0.015714682638645172
102,ev_nm_15_2_10_1_rnn__36,[ 0 10 14 16 11 15  6  7 13 12],rnn,0,0.13491235673427582,0.9760000109672546,0.015814488753676414
103,ev_nm_15_2_10_1_rnn__36,[18  1  2 10 17  5 15 14  8 11],rnn,0,0.11720404773950577,0.9784615635871887,0.014157592318952084
104,ev_nm_15_2_10_1_rnn__36,[15 10  2  3  4  5  6  7  8 17],rnn,0,0.10514029860496521,0.9821538329124451,0.011861590668559074
105,ev_nm_15_2_10_1_rnn__36,[ 0 10  2  3 11  5 14  7 13  9],rnn,0,0.10814038664102554,0.979692280292511,0.013257268816232681
106,ev_nm_15_2_10_1_rnn__36,[0 0 0 0 0 0 0 0 0 0],rnn,0,0.1541418880224228,0.9723076820373535,0.018189826980233192
107,BaseLine,,,1,0.0,0.9735384583473206,0.05969230830669403
108,grades_only,,rnn,1,0.1341397613286972,0.9735384583473206,0.017192374914884567
109,ev_nm_0_2_10_1_rnn__36,[ 0  1 14  3  4 18 12 10 13 16],rnn,1,0.12415310740470886,0.9766153693199158,0.015263916924595833
110,ev_nm_0_2_10_1_rnn__36,[ 0  1 14 12 18 10 13 17 15  9],rnn,1,0.12614212930202484,0.9760000109672546,0.015691449865698814
111,ev_nm_0_2_10_1_rnn__36,[ 0 13  2  3 16  5 12  7  8 11],rnn,1,0.11944876611232758,0.9778461456298828,0.014293472282588482
112,ev_nm_0_2_10_1_rnn__36,[ 0 14  2 17 18  5 13 11  8 15],rnn,1,0.12306596338748932,0.9772307872772217,0.014948239549994469
113,ev_nm_0_2_10_1_rnn__36,[ 0 11  2  3 15 18  6  7 10  9],rnn,1,0.11826625466346741,0.9772307872772217,0.014855836518108845
114,ev_nm_0_2_10_1_rnn__36,[ 0 17  2 16 18 11  6 13 14  9],rnn,1,0.11641951650381088,0.9778461456298828,0.014491434209048748
115,ev_nm_0_2_10_1_rnn__36,[ 0 13 12  3  4  5  6  7 10  9],rnn,1,0.12196332216262817,0.9772307872772217,0.014905113726854324
116,ev_nm_0_2_10_1_rnn__36,[ 0  1 16 14  4 17  6  7 12 10],rnn,1,0.13159890472888947,0.9753845930099487,0.016106687486171722
117,ev_nm_0_2_10_1_rnn__36,[ 0  1  2 15 13 14 17 11  8 12],rnn,1,0.12122998386621475,0.9784615635871887,0.014219961129128933
118,ev_nm_0_2_10_1_rnn__36,[ 0 14 13  3  4 16  6 15  8  9],rnn,1,0.1359988898038864,0.9735384583473206,0.017188405618071556
119,ev_nm_0_2_10_1_rnn__36,[ 0  1  2 14 13  5  6 17 15 18],rnn,1,0.11716513335704803,0.9778461456298828,0.014304890297353268
120,ev_nm_0_2_10_1_rnn__36,[ 0 18 12  3  4  5 15 11  8  9],rnn,1,0.11611775308847427,0.9790769219398499,0.013756809756159782
121,ev_nm_0_2_10_1_rnn__36,[15  1 18 16  4  5 12  7  8  9],rnn,1,0.09546443074941635,0.984000027179718,0.010775362141430378
122,ev_nm_0_2_10_1_rnn__36,[ 0  1 13  3 16  5  6 10 14  9],rnn,1,0.14324656128883362,0.9729230999946594,0.0176728256046772
123,ev_nm_0_2_10_1_rnn__36,[ 0 12  2  3 17  5 11 15  8 16],rnn,1,0.12237823009490967,0.9772307872772217,0.014907806180417538
124,ev_nm_0_2_10_1_rnn__36,[ 0 13  2 17  4  5  6 18 14  9],rnn,1,0.1301129013299942,0.9753845930099487,0.01609203778207302
125,ev_nm_0_2_10_1_rnn__36,[ 0 10 14 16 11 15  6  7 13 12],rnn,1,0.12851181626319885,0.9766153693199158,0.01570301316678524
126,ev_nm_0_2_10_1_rnn__36,[18  1  2 10 17  5 15 14  8 11],rnn,1,0.13142740726470947,0.9760000109672546,0.015810001641511917
127,ev_nm_0_2_10_1_rnn__36,[15 10  2  3  4  5  6  7  8 17],rnn,1,0.11518293619155884,0.9790769219398499,0.01376340165734291
128,ev_nm_0_2_10_1_rnn__36,[ 0 10  2  3 11  5 14  7 13  9],rnn,1,0.1311711072921753,0.9753845930099487,0.016207540407776833
129,ev_nm_0_2_10_1_rnn__36,[0 0 0 0 0 0 0 0 0 0],rnn,1,0.12461063265800476,0.9772307872772217,0.014932265505194664
130,ev_nm_15_2_5_1_rnn__36,[ 0  1 14  3  4 18 12 10 13 16],rnn,1,0.10897239297628403,0.9803076982498169,0.012986969202756882
131,ev_nm_15_2_5_1_rnn__36,[ 0  1 14 12 18 10 13 17 15  9],rnn,1,0.1459241360425949,0.9723076820373535,0.018131816759705544
132,ev_nm_15_2_5_1_rnn__36,[ 0 13  2  3 16  5 12  7  8 11],rnn,1,0.14297784864902496,0.9741538166999817,0.017219888046383858
133,ev_nm_15_2_5_1_rnn__36,[ 0 14  2 17 18  5 13 11  8 15],rnn,1,0.11496076732873917,0.9790769219398499,0.013723800890147686
134,ev_nm_15_2_5_1_rnn__36,[ 0 11  2  3 15 18  6  7 10  9],rnn,1,0.12248602509498596,0.9766153693199158,0.015272612683475018
135,ev_nm_15_2_5_1_rnn__36,[ 0 17  2 16 18 11  6 13 14  9],rnn,1,0.13993670046329498,0.9723076820373535,0.017959898337721825
136,ev_nm_15_2_5_1_rnn__36,[ 0 13 12  3  4  5  6  7 10  9],rnn,1,0.11248400807380676,0.9790769219398499,0.013610264286398888
137,ev_nm_15_2_5_1_rnn__36,[ 0  1 16 14  4 17  6  7 12 10],rnn,1,0.11540443450212479,0.9778461456298828,0.014243807643651962
138,ev_nm_15_2_5_1_rnn__36,[ 0  1  2 15 13 14 17 11  8 12],rnn,1,0.10044226795434952,0.9821538329124451,0.011774638667702675
139,ev_nm_15_2_5_1_rnn__36,[ 0 14 13  3  4 16  6 15  8  9],rnn,1,0.12174580246210098,0.9778461456298828,0.014649109914898872
140,ev_nm_15_2_5_1_rnn__36,[ 0  1  2 14 13  5  6 17 15 18],rnn,1,0.09822310507297516,0.9821538329124451,0.01173639576882124
141,ev_nm_15_2_5_1_rnn__36,[ 0 18 12  3  4  5 15 11  8  9],rnn,1,0.10353963822126389,0.9815384745597839,0.012189713306725025
142,ev_nm_15_2_5_1_rnn__36,[15  1 18 16  4  5 12  7  8  9],rnn,1,0.13536004722118378,0.9735384583473206,0.01716906949877739
143,ev_nm_15_2_5_1_rnn__36,[ 0  1 13  3 16  5  6 10 14  9],rnn,1,0.11605791747570038,0.9803076982498169,0.01303907111287117
144,ev_nm_15_2_5_1_rnn__36,[ 0 12  2  3 17  5 11 15  8 16],rnn,1,0.12370097637176514,0.9766153693199158,0.01531589962542057
145,ev_nm_15_2_5_1_rnn__36,[ 0 13  2 17  4  5  6 18 14  9],rnn,1,0.12137731164693832,0.9772307872772217,0.014932096935808659
146,ev_nm_15_2_5_1_rnn__36,[ 0 10 14 16 11 15  6  7 13 12],rnn,1,0.11568765342235565,0.9784615635871887,0.014210794121026993
147,ev_nm_15_2_5_1_rnn__36,[18  1  2 10 17  5 15 14  8 11],rnn,1,0.11653146892786026,0.9784615635871887,0.01413862407207489
148,ev_nm_15_2_5_1_rnn__36,[15 10  2  3  4  5  6  7  8 17],rnn,1,0.12498685717582703,0.9772307872772217,0.015027687884867191
149,ev_nm_15_2_5_1_rnn__36,[ 0 10  2  3 11  5 14  7 13  9],rnn,1,0.11569375544786453,0.9790769219398499,0.01352275162935257
150,ev_nm_15_2_5_1_rnn__36,[0 0 0 0 0 0 0 0 0 0],rnn,1,0.12298598885536194,0.9766153693199158,0.015261033549904823
151,ev_ex_30_1_5_1_rnn__36,[ 0  1 14  3  4 18 12 10 13 16],rnn,1,0.12345760315656662,0.9772307872772217,0.01493284571915865
152,ev_ex_30_1_5_1_rnn__36,[ 0  1 14 12 18 10 13 17 15  9],rnn,1,0.10185017436742783,0.9815384745597839,0.012236726470291615
153,ev_ex_30_1_5_1_rnn__36,[ 0 13  2  3 16  5 12  7  8 11],rnn,1,0.1174405887722969,0.9778461456298828,0.014487119391560555
154,ev_ex_30_1_5_1_rnn__36,[ 0 14  2 17 18  5 13 11  8 15],rnn,1,0.10870592296123505,0.979692280292511,0.013296574354171753
155,ev_ex_30_1_5_1_rnn__36,[ 0 11  2  3 15 18  6  7 10  9],rnn,1,0.12764623761177063,0.9753845930099487,0.016017671674489975
156,ev_ex_30_1_5_1_rnn__36,[ 0 17  2 16 18 11  6 13 14  9],rnn,1,0.12452729046344757,0.9772307872772217,0.014848322607576847
157,ev_ex_30_1_5_1_rnn__36,[ 0 13 12  3  4  5  6  7 10  9],rnn,1,0.1173415258526802,0.9778461456298828,0.014422370120882988
158,ev_ex_30_1_5_1_rnn__36,[ 0  1 16 14  4 17  6  7 12 10],rnn,1,0.10910364985466003,0.979692280292511,0.013300319202244282
159,ev_ex_30_1_5_1_rnn__36,[ 0  1  2 15 13 14 17 11  8 12],rnn,1,0.09961741417646408,0.9821538329124451,0.011757278814911842
160,ev_ex_30_1_5_1_rnn__36,[ 0 14 13  3  4 16  6 15  8  9],rnn,1,0.11341983824968338,0.9784615635871887,0.013880317099392414
161,ev_ex_30_1_5_1_rnn__36,[ 0  1  2 14 13  5  6 17 15 18],rnn,1,0.15154112875461578,0.9710769057273865,0.018817296251654625
162,ev_ex_30_1_5_1_rnn__36,[ 0 18 12  3  4  5 15 11  8  9],rnn,1,0.1230391263961792,0.9772307872772217,0.01492081768810749
163,ev_ex_30_1_5_1_rnn__36,[15  1 18 16  4  5 12  7  8  9],rnn,1,0.12743806838989258,0.9760000109672546,0.015720296651124954
164,ev_ex_30_1_5_1_rnn__36,[ 0  1 13  3 16  5  6 10 14  9],rnn,1,0.11952700465917587,0.9778461456298828,0.014554531313478947
165,ev_ex_30_1_5_1_rnn__36,[ 0 12  2  3 17  5 11 15  8 16],rnn,1,0.11795185506343842,0.9784615635871887,0.01412553247064352
166,ev_ex_30_1_5_1_rnn__36,[ 0 13  2 17  4  5  6 18 14  9],rnn,1,0.1307048499584198,0.9760000109672546,0.015797588974237442
167,ev_ex_30_1_5_1_rnn__36,[ 0 10 14 16 11 15  6  7 13 12],rnn,1,0.11806469410657883,0.9778461456298828,0.01449707243591547
168,ev_ex_30_1_5_1_rnn__36,[18  1  2 10 17  5 15 14  8 11],rnn,1,0.1299215406179428,0.9753845930099487,0.01613195799291134
169,ev_ex_30_1_5_1_rnn__36,[15 10  2  3  4  5  6  7  8 17],rnn,1,0.11929181963205338,0.9778461456298828,0.0145255820825696
170,ev_ex_30_1_5_1_rnn__36,[ 0 10  2  3 11  5 14  7 13  9],rnn,1,0.12585285305976868,0.9772307872772217,0.014734736643731594
171,ev_ex_30_1_5_1_rnn__36,[0 0 0 0 0 0 0 0 0 0],rnn,1,0.10754566639661789,0.979692280292511,0.013225843198597431
172,ev_nm_10_1_10_1_rnn__36,[ 0  1 14  3  4 18 12 10 13 16],rnn,1,0.09591776877641678,0.982769250869751,0.011345292441546917
173,ev_nm_10_1_10_1_rnn__36,[ 0  1 14 12 18 10 13 17 15  9],rnn,1,0.12120628356933594,0.9778461456298828,0.014558647759258747
174,ev_nm_10_1_10_1_rnn__36,[ 0 13  2  3 16  5 12  7  8 11],rnn,1,0.12733858823776245,0.9753845930099487,0.01610409840941429
175,ev_nm_10_1_10_1_rnn__36,[ 0 14  2 17 18  5 13 11  8 15],rnn,1,0.11937683820724487,0.9784615635871887,0.01417938806116581
176,ev_nm_10_1_10_1_rnn__36,[ 0 11  2  3 15 18  6  7 10  9],rnn,1,0.11503453552722931,0.9784615635871887,0.014097488485276699
177,ev_nm_10_1_10_1_rnn__36,[ 0 17  2 16 18 11  6 13 14  9],rnn,1,0.12600485980510712,0.9766153693199158,0.015387794934213161
178,ev_nm_10_1_10_1_rnn__36,[ 0 13 12  3  4  5  6  7 10  9],rnn,1,0.12858353555202484,0.9766153693199158,0.015258602797985077
179,ev_nm_10_1_10_1_rnn__36,[ 0  1 16 14  4 17  6  7 12 10],rnn,1,0.11616826057434082,0.9778461456298828,0.014234822243452072
180,ev_nm_10_1_10_1_rnn__36,[ 0  1  2 15 13 14 17 11  8 12],rnn,1,0.10872088372707367,0.9803076982498169,0.012983204796910286
181,ev_nm_10_1_10_1_rnn__36,[ 0 14 13  3  4 16  6 15  8  9],rnn,1,0.12650616466999054,0.9766153693199158,0.015419119969010353
182,ev_nm_10_1_10_1_rnn__36,[ 0  1  2 14 13  5  6 17 15 18],rnn,1,0.13267292082309723,0.9741538166999817,0.016825100407004356
183,ev_nm_10_1_10_1_rnn__36,[ 0 18 12  3  4  5 15 11  8  9],rnn,1,0.13356906175613403,0.9747692346572876,0.0164040457457304
184,ev_nm_10_1_10_1_rnn__36,[15  1 18 16  4  5 12  7  8  9],rnn,1,0.11425410956144333,0.9790769219398499,0.013751430436968803
185,ev_nm_10_1_10_1_rnn__36,[ 0  1 13  3 16  5  6 10 14  9],rnn,1,0.10967671126127243,0.9803076982498169,0.012993946671485901
186,ev_nm_10_1_10_1_rnn__36,[ 0 12  2  3 17  5 11 15  8 16],rnn,1,0.12131963670253754,0.9766153693199158,0.015201469883322716
187,ev_nm_10_1_10_1_rnn__36,[ 0 13  2 17  4  5  6 18 14  9],rnn,1,0.12095203250646591,0.9772307872772217,0.01493838056921959
188,ev_nm_10_1_10_1_rnn__36,[ 0 10 14 16 11 15  6  7 13 12],rnn,1,0.11912845820188522,0.9778461456298828,0.01447686180472374
189,ev_nm_10_1_10_1_rnn__36,[18  1  2 10 17  5 15 14  8 11],rnn,1,0.13233138620853424,0.9747692346572876,0.0165057685226202
190,ev_nm_10_1_10_1_rnn__36,[15 10  2  3  4  5  6  7  8 17],rnn,1,0.12322515994310379,0.9760000109672546,0.015626324340701103
191,ev_nm_10_1_10_1_rnn__36,[ 0 10  2  3 11  5 14  7 13  9],rnn,1,0.11573318392038345,0.9778461456298828,0.014493435621261597
192,ev_nm_10_1_10_1_rnn__36,[0 0 0 0 0 0 0 0 0 0],rnn,1,0.1040787547826767,0.9803076982498169,0.012658744119107723
193,ev_ex_20_2_5_1_rnn__36,[ 0  1 14  3  4 18 12 10 13 16],rnn,1,0.10931798070669174,0.9803076982498169,0.012930219992995262
194,ev_ex_20_2_5_1_rnn__36,[ 0  1 14 12 18 10 13 17 15  9],rnn,1,0.12486490607261658,0.9772307872772217,0.01500270888209343
195,ev_ex_20_2_5_1_rnn__36,[ 0 13  2  3 16  5 12  7  8 11],rnn,1,0.14324018359184265,0.9716923236846924,0.018355075269937515
196,ev_ex_20_2_5_1_rnn__36,[ 0 14  2 17 18  5 13 11  8 15],rnn,1,0.12999430298805237,0.9753845930099487,0.016024187207221985
197,ev_ex_20_2_5_1_rnn__36,[ 0 11  2  3 15 18  6  7 10  9],rnn,1,0.11549568921327591,0.9784615635871887,0.013892509043216705
198,ev_ex_20_2_5_1_rnn__36,[ 0 17  2 16 18 11  6 13 14  9],rnn,1,0.13811323046684265,0.9747692346572876,0.016750518232584
199,ev_ex_20_2_5_1_rnn__36,[ 0 13 12  3  4  5  6  7 10  9],rnn,1,0.09955011308193207,0.9815384745597839,0.0121774198487401
200,ev_ex_20_2_5_1_rnn__36,[ 0  1 16 14  4 17  6  7 12 10],rnn,1,0.11559108644723892,0.9790769219398499,0.013760770671069622
201,ev_ex_20_2_5_1_rnn__36,[ 0  1  2 15 13 14 17 11  8 12],rnn,1,0.10913285613059998,0.979692280292511,0.013285861350595951
202,ev_ex_20_2_5_1_rnn__36,[ 0 14 13  3  4 16  6 15  8  9],rnn,1,0.1189170554280281,0.9784615635871887,0.014175144955515862
203,ev_ex_20_2_5_1_rnn__36,[ 0  1  2 14 13  5  6 17 15 18],rnn,1,0.10680734366178513,0.9803076982498169,0.012946197763085365
204,ev_ex_20_2_5_1_rnn__36,[ 0 18 12  3  4  5 15 11  8  9],rnn,1,0.12438414245843887,0.9772307872772217,0.014907815493643284
205,ev_ex_20_2_5_1_rnn__36,[15  1 18 16  4  5 12  7  8  9],rnn,1,0.12618963420391083,0.9753845930099487,0.01591748557984829
206,ev_ex_20_2_5_1_rnn__36,[ 0  1 13  3 16  5  6 10 14  9],rnn,1,0.1365802139043808,0.9735384583473206,0.017278572544455528
207,ev_ex_20_2_5_1_rnn__36,[ 0 12  2  3 17  5 11 15  8 16],rnn,1,0.12996618449687958,0.9753845930099487,0.016185108572244644
208,ev_ex_20_2_5_1_rnn__36,[ 0 13  2 17  4  5  6 18 14  9],rnn,1,0.13217765092849731,0.9753845930099487,0.016109084710478783
209,ev_ex_20_2_5_1_rnn__36,[ 0 10 14 16 11 15  6  7 13 12],rnn,1,0.1172623410820961,0.9784615635871887,0.014120102860033512
210,ev_ex_20_2_5_1_rnn__36,[18  1  2 10 17  5 15 14  8 11],rnn,1,0.12623147666454315,0.9760000109672546,0.015719173476099968
211,ev_ex_20_2_5_1_rnn__36,[15 10  2  3  4  5  6  7  8 17],rnn,1,0.11126179993152618,0.9790769219398499,0.013673708774149418
212,ev_ex_20_2_5_1_rnn__36,[ 0 10  2  3 11  5 14  7 13  9],rnn,1,0.12936793267726898,0.9753845930099487,0.016023805364966393
213,ev_ex_20_2_5_1_rnn__36,[0 0 0 0 0 0 0 0 0 0],rnn,1,0.12921953201293945,0.9747692346572876,0.016452670097351074
214,BaseLine,,,2,0.0,0.9772307872772217,0.0560000017285347
215,grades_only,,rnn,2,0.12200353294610977,0.9772307872772217,0.014906780794262886
216,ev_ex_20_2_5_1_rnn__36,[ 0  1 14  3  4 18 12 10 13 16],rnn,2,0.14891202747821808,0.9723076820373535,0.01831349916756153
217,ev_ex_20_2_5_1_rnn__36,[ 0  1 14 12 18 10 13 17 15  9],rnn,2,0.11809820681810379,0.9784615635871887,0.014134125784039497
218,ev_ex_20_2_5_1_rnn__36,[ 0 13  2  3 16  5 12  7  8 11],rnn,2,0.12945513427257538,0.9753845930099487,0.01606772281229496
219,ev_ex_20_2_5_1_rnn__36,[ 0 14  2 17 18  5 13 11  8 15],rnn,2,0.1167001947760582,0.9790769219398499,0.013764213770627975
220,ev_ex_20_2_5_1_rnn__36,[ 0 11  2  3 15 18  6  7 10  9],rnn,2,0.1402270346879959,0.9735384583473206,0.01731504313647747
221,ev_ex_20_2_5_1_rnn__36,[ 0 17  2 16 18 11  6 13 14  9],rnn,2,0.13166430592536926,0.9753845930099487,0.016141047701239586
222,ev_ex_20_2_5_1_rnn__36,[ 0 13 12  3  4  5  6  7 10  9],rnn,2,0.10381768643856049,0.9803076982498169,0.012708869762718678
223,ev_ex_20_2_5_1_rnn__36,[ 0  1 16 14  4 17  6  7 12 10],rnn,2,0.12526291608810425,0.9778461456298828,0.014638863503932953
224,ev_ex_20_2_5_1_rnn__36,[ 0  1  2 15 13 14 17 11  8 12],rnn,2,0.13417096436023712,0.9747692346572876,0.016501380130648613
225,ev_ex_20_2_5_1_rnn__36,[ 0 14 13  3  4 16  6 15  8  9],rnn,2,0.11115097999572754,0.979692280292511,0.013265848159790039
226,ev_ex_20_2_5_1_rnn__36,[ 0  1  2 14 13  5  6 17 15 18],rnn,2,0.11813826113939285,0.9790769219398499,0.013797992840409279
227,ev_ex_20_2_5_1_rnn__36,[ 0 18 12  3  4  5 15 11  8  9],rnn,2,0.10889797657728195,0.979692280292511,0.013296392746269703
228,ev_ex_20_2_5_1_rnn__36,[15  1 18 16  4  5 12  7  8  9],rnn,2,0.1435793787240982,0.9729230999946594,0.017688777297735214
229,ev_ex_20_2_5_1_rnn__36,[ 0  1 13  3 16  5  6 10 14  9],rnn,2,0.14733575284481049,0.9716923236846924,0.01846393011510372
230,ev_ex_20_2_5_1_rnn__36,[ 0 12  2  3 17  5 11 15  8 16],rnn,2,0.12004310637712479,0.9790769219398499,0.014012136496603489
231,ev_ex_20_2_5_1_rnn__36,[ 0 13  2 17  4  5  6 18 14  9],rnn,2,0.11798630654811859,0.9784615635871887,0.014131966046988964
232,ev_ex_20_2_5_1_rnn__36,[ 0 10 14 16 11 15  6  7 13 12],rnn,2,0.1240553930401802,0.9766153693199158,0.015272201970219612
233,ev_ex_20_2_5_1_rnn__36,[18  1  2 10 17  5 15 14  8 11],rnn,2,0.12800484895706177,0.9753845930099487,0.016071975231170654
234,ev_ex_20_2_5_1_rnn__36,[15 10  2  3  4  5  6  7  8 17],rnn,2,0.09626549482345581,0.9821538329124451,0.011501047760248184
235,ev_ex_20_2_5_1_rnn__36,[ 0 10  2  3 11  5 14  7 13  9],rnn,2,0.1327088475227356,0.9747692346572876,0.016501134261488914
236,ev_ex_20_2_5_1_rnn__36,[0 0 0 0 0 0 0 0 0 0],rnn,2,0.12692777812480927,0.9753845930099487,0.01582084223628044
237,ev_ex_20_2_10_1_rnn__36,[ 0  1 14  3  4 18 12 10 13 16],rnn,2,0.12248937040567398,0.9766153693199158,0.015290315262973309
238,ev_ex_20_2_10_1_rnn__36,[ 0  1 14 12 18 10 13 17 15  9],rnn,2,0.13270461559295654,0.9747692346572876,0.016448430716991425
239,ev_ex_20_2_10_1_rnn__36,[ 0 13  2  3 16  5 12  7  8 11],rnn,2,0.09749238193035126,0.9821538329124451,0.01169462502002716
240,ev_ex_20_2_10_1_rnn__36,[ 0 14  2 17 18  5 13 11  8 15],rnn,2,0.13909973204135895,0.9741538166999817,0.016980793327093124
241,ev_ex_20_2_10_1_rnn__36,[ 0 11  2  3 15 18  6  7 10  9],rnn,2,0.12571179866790771,0.9766153693199158,0.015329316258430481
242,ev_ex_20_2_10_1_rnn__36,[ 0 17  2 16 18 11  6 13 14  9],rnn,2,0.10560954362154007,0.980923056602478,0.012496334500610828
243,ev_ex_20_2_10_1_rnn__36,[ 0 13 12  3  4  5  6  7 10  9],rnn,2,0.11189460754394531,0.979692280292511,0.013296088203787804
244,ev_ex_20_2_10_1_rnn__36,[ 0  1 16 14  4 17  6  7 12 10],rnn,2,0.1232309564948082,0.9760000109672546,0.015459840185940266
245,ev_ex_20_2_10_1_rnn__36,[ 0  1  2 15 13 14 17 11  8 12],rnn,2,0.12122511863708496,0.9778461456298828,0.014664629474282265
246,ev_ex_20_2_10_1_rnn__36,[ 0 14 13  3  4 16  6 15  8  9],rnn,2,0.12318123877048492,0.9778461456298828,0.014525434002280235
247,ev_ex_20_2_10_1_rnn__36,[ 0  1  2 14 13  5  6 17 15 18],rnn,2,0.125019371509552,0.9778461456298828,0.014712661504745483
248,ev_ex_20_2_10_1_rnn__36,[ 0 18 12  3  4  5 15 11  8  9],rnn,2,0.1289447695016861,0.9772307872772217,0.015157585963606834
249,ev_ex_20_2_10_1_rnn__36,[15  1 18 16  4  5 12  7  8  9],rnn,2,0.14794518053531647,0.9710769057273865,0.018838856369256973
250,ev_ex_20_2_10_1_rnn__36,[ 0  1 13  3 16  5  6 10 14  9],rnn,2,0.11182130128145218,0.979692280292511,0.01337863877415657
251,ev_ex_20_2_10_1_rnn__36,[ 0 12  2  3 17  5 11 15  8 16],rnn,2,0.13941626250743866,0.9729230999946594,0.017574382945895195
252,ev_ex_20_2_10_1_rnn__36,[ 0 13  2 17  4  5  6 18 14  9],rnn,2,0.11934758722782135,0.9778461456298828,0.014532574452459812
253,ev_ex_20_2_10_1_rnn__36,[ 0 10 14 16 11 15  6  7 13 12],rnn,2,0.1179388165473938,0.9778461456298828,0.014486335217952728
254,ev_ex_20_2_10_1_rnn__36,[18  1  2 10 17  5 15 14  8 11],rnn,2,0.1220429390668869,0.9772307872772217,0.014945581555366516
255,ev_ex_20_2_10_1_rnn__36,[15 10  2  3  4  5  6  7  8 17],rnn,2,0.09751120954751968,0.982769250869751,0.011388801969587803
256,ev_ex_20_2_10_1_rnn__36,[ 0 10  2  3 11  5 14  7 13  9],rnn,2,0.10664321482181549,0.9803076982498169,0.012942690402269363
257,ev_ex_20_2_10_1_rnn__36,[0 0 0 0 0 0 0 0 0 0],rnn,2,0.11987380683422089,0.9772307872772217,0.0148802874609828
258,ev_ex_20_1_10_1_rnn__36,[ 0  1 14  3  4 18 12 10 13 16],rnn,2,0.1181056872010231,0.9778461456298828,0.014514552429318428
259,ev_ex_20_1_10_1_rnn__36,[ 0  1 14 12 18 10 13 17 15  9],rnn,2,0.1273524910211563,0.9747692346572876,0.016215279698371887
260,ev_ex_20_1_10_1_rnn__36,[ 0 13  2  3 16  5 12  7  8 11],rnn,2,0.11075612157583237,0.979692280292511,0.013339116238057613
261,ev_ex_20_1_10_1_rnn__36,[ 0 14  2 17 18  5 13 11  8 15],rnn,2,0.14954087138175964,0.9704615473747253,0.01900660991668701
262,ev_ex_20_1_10_1_rnn__36,[ 0 11  2  3 15 18  6  7 10  9],rnn,2,0.12389566749334335,0.9753845930099487,0.015871230512857437
263,ev_ex_20_1_10_1_rnn__36,[ 0 17  2 16 18 11  6 13 14  9],rnn,2,0.13801328837871552,0.9729230999946594,0.01754177361726761
264,ev_ex_20_1_10_1_rnn__36,[ 0 13 12  3  4  5  6  7 10  9],rnn,2,0.15062516927719116,0.9704615473747253,0.019259661436080933
265,ev_ex_20_1_10_1_rnn__36,[ 0  1 16 14  4 17  6  7 12 10],rnn,2,0.11032148450613022,0.9790769219398499,0.013664400205016136
266,ev_ex_20_1_10_1_rnn__36,[ 0  1  2 15 13 14 17 11  8 12],rnn,2,0.11786075681447983,0.9778461456298828,0.014486013911664486
267,ev_ex_20_1_10_1_rnn__36,[ 0 14 13  3  4 16  6 15  8  9],rnn,2,0.12648938596248627,0.9766153693199158,0.015010717324912548
268,ev_ex_20_1_10_1_rnn__36,[ 0  1  2 14 13  5  6 17 15 18],rnn,2,0.12768304347991943,0.9753845930099487,0.015580029226839542
269,ev_ex_20_1_10_1_rnn__36,[ 0 18 12  3  4  5 15 11  8  9],rnn,2,0.13847611844539642,0.9729230999946594,0.017625026404857635
270,ev_ex_20_1_10_1_rnn__36,[15  1 18 16  4  5 12  7  8  9],rnn,2,0.11926496028900146,0.9766153693199158,0.014958392828702927
271,ev_ex_20_1_10_1_rnn__36,[ 0  1 13  3 16  5  6 10 14  9],rnn,2,0.12356848269701004,0.9766153693199158,0.015253718011081219
272,ev_ex_20_1_10_1_rnn__36,[ 0 12  2  3 17  5 11 15  8 16],rnn,2,0.12516441941261292,0.9753845930099487,0.01609622873365879
273,ev_ex_20_1_10_1_rnn__36,[ 0 13  2 17  4  5  6 18 14  9],rnn,2,0.12237627804279327,0.9778461456298828,0.014536452479660511
274,ev_ex_20_1_10_1_rnn__36,[ 0 10 14 16 11 15  6  7 13 12],rnn,2,0.09801501780748367,0.982769250869751,0.01142188161611557
275,ev_ex_20_1_10_1_rnn__36,[18  1  2 10 17  5 15 14  8 11],rnn,2,0.1029108390212059,0.9815384745597839,0.012187558226287365
276,ev_ex_20_1_10_1_rnn__36,[15 10  2  3  4  5  6  7  8 17],rnn,2,0.12697719037532806,0.9753845930099487,0.01610439084470272
277,ev_ex_20_1_10_1_rnn__36,[ 0 10  2  3 11  5 14  7 13  9],rnn,2,0.1374935656785965,0.9729230999946594,0.01760571263730526
278,ev_ex_20_1_10_1_rnn__36,[0 0 0 0 0 0 0 0 0 0],rnn,2,0.1469542682170868,0.9723076820373535,0.018189942464232445
279,ev_ex_10_2_10_1_rnn__36,[ 0  1 14  3  4 18 12 10 13 16],rnn,2,0.13015124201774597,0.9760000109672546,0.015843145549297333
280,ev_ex_10_2_10_1_rnn__36,[ 0  1 14 12 18 10 13 17 15  9],rnn,2,0.12889061868190765,0.9753845930099487,0.016081882640719414
281,ev_ex_10_2_10_1_rnn__36,[ 0 13  2  3 16  5 12  7  8 11],rnn,2,0.13369472324848175,0.9741538166999817,0.016869906336069107
282,ev_ex_10_2_10_1_rnn__36,[ 0 14  2 17 18  5 13 11  8 15],rnn,2,0.1373726725578308,0.9741538166999817,0.016855502501130104
283,ev_ex_10_2_10_1_rnn__36,[ 0 11  2  3 15 18  6  7 10  9],rnn,2,0.10547397285699844,0.980923056602478,0.012518038041889668
284,ev_ex_10_2_10_1_rnn__36,[ 0 17  2 16 18 11  6 13 14  9],rnn,2,0.09315675497055054,0.9833846092224121,0.010739065706729889
285,ev_ex_10_2_10_1_rnn__36,[ 0 13 12  3  4  5  6  7 10  9],rnn,2,0.11932004988193512,0.9772307872772217,0.014779450371861458
286,ev_ex_10_2_10_1_rnn__36,[ 0  1 16 14  4 17  6  7 12 10],rnn,2,0.113015316426754,0.9790769219398499,0.013782423920929432
287,ev_ex_10_2_10_1_rnn__36,[ 0  1  2 15 13 14 17 11  8 12],rnn,2,0.14344118535518646,0.9729230999946594,0.01772831752896309
288,ev_ex_10_2_10_1_rnn__36,[ 0 14 13  3  4 16  6 15  8  9],rnn,2,0.14492633938789368,0.9716923236846924,0.01821913942694664
289,ev_ex_10_2_10_1_rnn__36,[ 0  1  2 14 13  5  6 17 15 18],rnn,2,0.12106221914291382,0.9778461456298828,0.014639848843216896
290,ev_ex_10_2_10_1_rnn__36,[ 0 18 12  3  4  5 15 11  8  9],rnn,2,0.12635736167430878,0.9753845930099487,0.015987159684300423
291,ev_ex_10_2_10_1_rnn__36,[15  1 18 16  4  5 12  7  8  9],rnn,2,0.11772023141384125,0.9784615635871887,0.014164463616907597
292,ev_ex_10_2_10_1_rnn__36,[ 0  1 13  3 16  5  6 10 14  9],rnn,2,0.10785102099180222,0.980923056602478,0.012616683728992939
293,ev_ex_10_2_10_1_rnn__36,[ 0 12  2  3 17  5 11 15  8 16],rnn,2,0.13684672117233276,0.9741538166999817,0.016951266676187515
294,ev_ex_10_2_10_1_rnn__36,[ 0 13  2 17  4  5  6 18 14  9],rnn,2,0.10114127397537231,0.9815384745597839,0.012052823789417744
295,ev_ex_10_2_10_1_rnn__36,[ 0 10 14 16 11 15  6  7 13 12],rnn,2,0.13634468615055084,0.9735384583473206,0.01706000044941902
296,ev_ex_10_2_10_1_rnn__36,[18  1  2 10 17  5 15 14  8 11],rnn,2,0.11877665668725967,0.9766153693199158,0.015066571533679962
297,ev_ex_10_2_10_1_rnn__36,[15 10  2  3  4  5  6  7  8 17],rnn,2,0.1381760537624359,0.9741538166999817,0.016889438033103943
298,ev_ex_10_2_10_1_rnn__36,[ 0 10  2  3 11  5 14  7 13  9],rnn,2,0.12104368209838867,0.9772307872772217,0.014937007799744606
299,ev_ex_10_2_10_1_rnn__36,[0 0 0 0 0 0 0 0 0 0],rnn,2,0.11185362190008163,0.979692280292511,0.01339088287204504
300,ev_ex_15_1_10_1_rnn__36,[ 0  1 14  3  4 18 12 10 13 16],rnn,2,0.15065307915210724,0.9704615473747253,0.019227826967835426
301,ev_ex_15_1_10_1_rnn__36,[ 0  1 14 12 18 10 13 17 15  9],rnn,2,0.12337739765644073,0.9772307872772217,0.014913378283381462
302,ev_ex_15_1_10_1_rnn__36,[ 0 13  2  3 16  5 12  7  8 11],rnn,2,0.13033334910869598,0.9753845930099487,0.01603851467370987
303,ev_ex_15_1_10_1_rnn__36,[ 0 14  2 17 18  5 13 11  8 15],rnn,2,0.11335674673318863,0.979692280292511,0.01350240595638752
304,ev_ex_15_1_10_1_rnn__36,[ 0 11  2  3 15 18  6  7 10  9],rnn,2,0.11559635400772095,0.9784615635871887,0.014122551307082176
305,ev_ex_15_1_10_1_rnn__36,[ 0 17  2 16 18 11  6 13 14  9],rnn,2,0.10552307963371277,0.9803076982498169,0.012898228131234646
306,ev_ex_15_1_10_1_rnn__36,[ 0 13 12  3  4  5  6  7 10  9],rnn,2,0.1195371076464653,0.9784615635871887,0.014163095504045486
307,ev_ex_15_1_10_1_rnn__36,[ 0  1 16 14  4 17  6  7 12 10],rnn,2,0.11890383064746857,0.9766153693199158,0.015127808786928654
308,ev_ex_15_1_10_1_rnn__36,[ 0  1  2 15 13 14 17 11  8 12],rnn,2,0.10901284217834473,0.9803076982498169,0.01282812375575304
309,ev_ex_15_1_10_1_rnn__36,[ 0 14 13  3  4 16  6 15  8  9],rnn,2,0.1173621192574501,0.9778461456298828,0.01448511891067028
310,ev_ex_15_1_10_1_rnn__36,[ 0  1  2 14 13  5  6 17 15 18],rnn,2,0.13764803111553192,0.9741538166999817,0.0169994980096817
311,ev_ex_15_1_10_1_rnn__36,[ 0 18 12  3  4  5 15 11  8  9],rnn,2,0.10598113387823105,0.9803076982498169,0.012919397093355656
312,ev_ex_15_1_10_1_rnn__36,[15  1 18 16  4  5 12  7  8  9],rnn,2,0.14067934453487396,0.9729230999946594,0.017445489764213562
313,ev_ex_15_1_10_1_rnn__36,[ 0  1 13  3 16  5  6 10 14  9],rnn,2,0.1296888142824173,0.9753845930099487,0.016155356541275978
314,ev_ex_15_1_10_1_rnn__36,[ 0 12  2  3 17  5 11 15  8 16],rnn,2,0.12266559898853302,0.9766153693199158,0.015271643176674843
315,ev_ex_15_1_10_1_rnn__36,[ 0 13  2 17  4  5  6 18 14  9],rnn,2,0.13542984426021576,0.9741538166999817,0.016711171716451645
316,ev_ex_15_1_10_1_rnn__36,[ 0 10 14 16 11 15  6  7 13 12],rnn,2,0.14219573140144348,0.9723076820373535,0.018034955486655235
317,ev_ex_15_1_10_1_rnn__36,[18  1  2 10 17  5 15 14  8 11],rnn,2,0.12934674322605133,0.9747692346572876,0.016449954360723495
318,ev_ex_15_1_10_1_rnn__36,[15 10  2  3  4  5  6  7  8 17],rnn,2,0.13411220908164978,0.9735384583473206,0.01700255461037159
319,ev_ex_15_1_10_1_rnn__36,[ 0 10  2  3 11  5 14  7 13  9],rnn,2,0.13285961747169495,0.9747692346572876,0.016479358077049255
320,ev_ex_15_1_10_1_rnn__36,[0 0 0 0 0 0 0 0 0 0],rnn,2,0.1130765825510025,0.9784615635871887,0.013993430882692337
321,BaseLine,,,3,0.0,0.9766153693199158,0.05661538615822792
322,grades_only,,rnn,3,0.12167516350746155,0.9766153693199158,0.01524942647665739
323,ev_ex_15_1_5_1_rnn__36,[ 0  1 14  3  4 18 12 10 13 16],rnn,3,0.12629352509975433,0.9766153693199158,0.015285317786037922
324,ev_ex_15_1_5_1_rnn__36,[ 0  1 14 12 18 10 13 17 15  9],rnn,3,0.1254820078611374,0.9760000109672546,0.015394944697618484
325,ev_ex_15_1_5_1_rnn__36,[ 0 13  2  3 16  5 12  7  8 11],rnn,3,0.13175100088119507,0.9747692346572876,0.016223547980189323
326,ev_ex_15_1_5_1_rnn__36,[ 0 14  2 17 18  5 13 11  8 15],rnn,3,0.11952376365661621,0.9766153693199158,0.01504502072930336
327,ev_ex_15_1_5_1_rnn__36,[ 0 11  2  3 15 18  6  7 10  9],rnn,3,0.13492006063461304,0.9741538166999817,0.01686823181807995
328,ev_ex_15_1_5_1_rnn__36,[ 0 17  2 16 18 11  6 13 14  9],rnn,3,0.1155896857380867,0.9784615635871887,0.014102218672633171
329,ev_ex_15_1_5_1_rnn__36,[ 0 13 12  3  4  5  6  7 10  9],rnn,3,0.14389033615589142,0.9723076820373535,0.01791984774172306
330,ev_ex_15_1_5_1_rnn__36,[ 0  1 16 14  4 17  6  7 12 10],rnn,3,0.11823336035013199,0.9772307872772217,0.014812478795647621
331,ev_ex_15_1_5_1_rnn__36,[ 0  1  2 15 13 14 17 11  8 12],rnn,3,0.11205373704433441,0.9790769219398499,0.013680177740752697
332,ev_ex_15_1_5_1_rnn__36,[ 0 14 13  3  4 16  6 15  8  9],rnn,3,0.12756536900997162,0.9753845930099487,0.016012247651815414
333,ev_ex_15_1_5_1_rnn__36,[ 0  1  2 14 13  5  6 17 15 18],rnn,3,0.0985131710767746,0.9821538329124451,0.011772035621106625
334,ev_ex_15_1_5_1_rnn__36,[ 0 18 12  3  4  5 15 11  8  9],rnn,3,0.10250229388475418,0.980923056602478,0.01240557711571455
335,ev_ex_15_1_5_1_rnn__36,[15  1 18 16  4  5 12  7  8  9],rnn,3,0.11749958992004395,0.9778461456298828,0.014513938687741756
336,ev_ex_15_1_5_1_rnn__36,[ 0  1 13  3 16  5  6 10 14  9],rnn,3,0.10981884598731995,0.9790769219398499,0.013657220639288425
337,ev_ex_15_1_5_1_rnn__36,[ 0 12  2  3 17  5 11 15  8 16],rnn,3,0.11202336847782135,0.9784615635871887,0.014042945578694344
338,ev_ex_15_1_5_1_rnn__36,[ 0 13  2 17  4  5  6 18 14  9],rnn,3,0.1312013566493988,0.9741538166999817,0.016911838203668594
339,ev_ex_15_1_5_1_rnn__36,[ 0 10 14 16 11 15  6  7 13 12],rnn,3,0.10596664994955063,0.9815384745597839,0.012304184027016163
340,ev_ex_15_1_5_1_rnn__36,[18  1  2 10 17  5 15 14  8 11],rnn,3,0.1260400265455246,0.9766153693199158,0.015356128104031086
341,ev_ex_15_1_5_1_rnn__36,[15 10  2  3  4  5  6  7  8 17],rnn,3,0.12629994750022888,0.9753845930099487,0.015838496387004852
342,ev_ex_15_1_5_1_rnn__36,[ 0 10  2  3 11  5 14  7 13  9],rnn,3,0.11574942618608475,0.9778461456298828,0.014231035485863686
343,ev_ex_15_1_5_1_rnn__36,[0 0 0 0 0 0 0 0 0 0],rnn,3,0.14476175606250763,0.9716923236846924,0.018411053344607353
344,ev_nm_10_1_5_1_rnn__36,[ 0  1 14  3  4 18 12 10 13 16],rnn,3,0.12499058246612549,0.9766153693199158,0.015290097333490849
345,ev_nm_10_1_5_1_rnn__36,[ 0  1 14 12 18 10 13 17 15  9],rnn,3,0.11593558639287949,0.9784615635871887,0.014101282693445683
346,ev_nm_10_1_5_1_rnn__36,[ 0 13  2  3 16  5 12  7  8 11],rnn,3,0.13918684422969818,0.9735384583473206,0.017201097682118416
347,ev_nm_10_1_5_1_rnn__36,[ 0 14  2 17 18  5 13 11  8 15],rnn,3,0.1161232516169548,0.9784615635871887,0.014126000925898552
348,ev_nm_10_1_5_1_rnn__36,[ 0 11  2  3 15 18  6  7 10  9],rnn,3,0.10042636096477509,0.982769250869751,0.011472709476947784
349,ev_nm_10_1_5_1_rnn__36,[ 0 17  2 16 18 11  6 13 14  9],rnn,3,0.10551264882087708,0.980923056602478,0.012628428637981415
350,ev_nm_10_1_5_1_rnn__36,[ 0 13 12  3  4  5  6  7 10  9],rnn,3,0.12031418085098267,0.9772307872772217,0.014910108409821987
351,ev_nm_10_1_5_1_rnn__36,[ 0  1 16 14  4 17  6  7 12 10],rnn,3,0.14440368115901947,0.9735384583473206,0.01739027351140976
352,ev_nm_10_1_5_1_rnn__36,[ 0  1  2 15 13 14 17 11  8 12],rnn,3,0.1497621387243271,0.9710769057273865,0.018872594460844994
353,ev_nm_10_1_5_1_rnn__36,[ 0 14 13  3  4 16  6 15  8  9],rnn,3,0.13140036165714264,0.9747692346572876,0.01647867076098919
354,ev_nm_10_1_5_1_rnn__36,[ 0  1  2 14 13  5  6 17 15 18],rnn,3,0.11517713218927383,0.9784615635871887,0.014073478989303112
355,ev_nm_10_1_5_1_rnn__36,[ 0 18 12  3  4  5 15 11  8  9],rnn,3,0.1051296517252922,0.980923056602478,0.012531071901321411
356,ev_nm_10_1_5_1_rnn__36,[15  1 18 16  4  5 12  7  8  9],rnn,3,0.11867363750934601,0.9778461456298828,0.014514638110995293
357,ev_nm_10_1_5_1_rnn__36,[ 0  1 13  3 16  5  6 10 14  9],rnn,3,0.10075540840625763,0.9821538329124451,0.01176672987639904
358,ev_nm_10_1_5_1_rnn__36,[ 0 12  2  3 17  5 11 15  8 16],rnn,3,0.1159561425447464,0.9784615635871887,0.014102798886597157
359,ev_nm_10_1_5_1_rnn__36,[ 0 13  2 17  4  5  6 18 14  9],rnn,3,0.12209452688694,0.9760000109672546,0.015591437928378582
360,ev_nm_10_1_5_1_rnn__36,[ 0 10 14 16 11 15  6  7 13 12],rnn,3,0.1413603276014328,0.9735384583473206,0.017242996022105217
361,ev_nm_10_1_5_1_rnn__36,[18  1  2 10 17  5 15 14  8 11],rnn,3,0.09780764579772949,0.9821538329124451,0.011736893095076084
362,ev_nm_10_1_5_1_rnn__36,[15 10  2  3  4  5  6  7  8 17],rnn,3,0.10080499947071075,0.9815384745597839,0.011880521662533283
363,ev_nm_10_1_5_1_rnn__36,[ 0 10  2  3 11  5 14  7 13  9],rnn,3,0.10356151312589645,0.980923056602478,0.012509338557720184
364,ev_nm_10_1_5_1_rnn__36,[0 0 0 0 0 0 0 0 0 0],rnn,3,0.11596953868865967,0.9784615635871887,0.014186774380505085
365,ev_nm_15_1_5_1_rnn__36,[ 0  1 14  3  4 18 12 10 13 16],rnn,3,0.11288290470838547,0.9784615635871887,0.014134999364614487
366,ev_nm_15_1_5_1_rnn__36,[ 0  1 14 12 18 10 13 17 15  9],rnn,3,0.12940624356269836,0.9753845930099487,0.016083495691418648
367,ev_nm_15_1_5_1_rnn__36,[ 0 13  2  3 16  5 12  7  8 11],rnn,3,0.12582890689373016,0.9760000109672546,0.015612808987498283
368,ev_nm_15_1_5_1_rnn__36,[ 0 14  2 17 18  5 13 11  8 15],rnn,3,0.11836661398410797,0.9772307872772217,0.014725632965564728
369,ev_nm_15_1_5_1_rnn__36,[ 0 11  2  3 15 18  6  7 10  9],rnn,3,0.11559893935918808,0.9778461456298828,0.01452859491109848
370,ev_nm_15_1_5_1_rnn__36,[ 0 17  2 16 18 11  6 13 14  9],rnn,3,0.12181311100721359,0.9766153693199158,0.015232750214636326
371,ev_nm_15_1_5_1_rnn__36,[ 0 13 12  3  4  5  6  7 10  9],rnn,3,0.1275404691696167,0.9760000109672546,0.01568913459777832
372,ev_nm_15_1_5_1_rnn__36,[ 0  1 16 14  4 17  6  7 12 10],rnn,3,0.10620865225791931,0.9803076982498169,0.01267432700842619
373,ev_nm_15_1_5_1_rnn__36,[ 0  1  2 15 13 14 17 11  8 12],rnn,3,0.1310923844575882,0.9753845930099487,0.016130423173308372
374,ev_nm_15_1_5_1_rnn__36,[ 0 14 13  3  4 16  6 15  8  9],rnn,3,0.11821899563074112,0.9778461456298828,0.014535147696733475
375,ev_nm_15_1_5_1_rnn__36,[ 0  1  2 14 13  5  6 17 15 18],rnn,3,0.13005825877189636,0.9747692346572876,0.0163153987377882
376,ev_nm_15_1_5_1_rnn__36,[ 0 18 12  3  4  5 15 11  8  9],rnn,3,0.1167445182800293,0.9778461456298828,0.0144940335303545
377,ev_nm_15_1_5_1_rnn__36,[15  1 18 16  4  5 12  7  8  9],rnn,3,0.10825270414352417,0.9803076982498169,0.012906699441373348
378,ev_nm_15_1_5_1_rnn__36,[ 0  1 13  3 16  5  6 10 14  9],rnn,3,0.09550027549266815,0.9833846092224121,0.010970466770231724
379,ev_nm_15_1_5_1_rnn__36,[ 0 12  2  3 17  5 11 15  8 16],rnn,3,0.12774191796779633,0.9766153693199158,0.015353837050497532
380,ev_nm_15_1_5_1_rnn__36,[ 0 13  2 17  4  5  6 18 14  9],rnn,3,0.11912468075752258,0.9772307872772217,0.014732384122908115
381,ev_nm_15_1_5_1_rnn__36,[ 0 10 14 16 11 15  6  7 13 12],rnn,3,0.1175403743982315,0.9778461456298828,0.014440426602959633
382,ev_nm_15_1_5_1_rnn__36,[18  1  2 10 17  5 15 14  8 11],rnn,3,0.1105787456035614,0.979692280292511,0.013320098631083965
383,ev_nm_15_1_5_1_rnn__36,[15 10  2  3  4  5  6  7  8 17],rnn,3,0.10507021099328995,0.980923056602478,0.012674059718847275
384,ev_nm_15_1_5_1_rnn__36,[ 0 10  2  3 11  5 14  7 13  9],rnn,3,0.1200360655784607,0.9772307872772217,0.014898809604346752
385,ev_nm_15_1_5_1_rnn__36,[0 0 0 0 0 0 0 0 0 0],rnn,3,0.12178518623113632,0.9772307872772217,0.014850572682917118
386,ev_ex_15_2_10_1_rnn__36,[ 0  1 14  3  4 18 12 10 13 16],rnn,3,0.08875852823257446,0.984000027179718,0.010481096804141998
387,ev_ex_15_2_10_1_rnn__36,[ 0  1 14 12 18 10 13 17 15  9],rnn,3,0.1430836319923401,0.9729230999946594,0.017747273668646812
388,ev_ex_15_2_10_1_rnn__36,[ 0 13  2  3 16  5 12  7  8 11],rnn,3,0.14857617020606995,0.9704615473747253,0.019219327718019485
389,ev_ex_15_2_10_1_rnn__36,[ 0 14  2 17 18  5 13 11  8 15],rnn,3,0.14824247360229492,0.9716923236846924,0.018487105146050453
390,ev_ex_15_2_10_1_rnn__36,[ 0 11  2  3 15 18  6  7 10  9],rnn,3,0.13077735900878906,0.9747692346572876,0.016396839171648026
391,ev_ex_15_2_10_1_rnn__36,[ 0 17  2 16 18 11  6 13 14  9],rnn,3,0.11287884414196014,0.979692280292511,0.013337931595742702
392,ev_ex_15_2_10_1_rnn__36,[ 0 13 12  3  4  5  6  7 10  9],rnn,3,0.11196394264698029,0.979692280292511,0.013415037654340267
393,ev_ex_15_2_10_1_rnn__36,[ 0  1 16 14  4 17  6  7 12 10],rnn,3,0.10835732519626617,0.979692280292511,0.013273177668452263
394,ev_ex_15_2_10_1_rnn__36,[ 0  1  2 15 13 14 17 11  8 12],rnn,3,0.12008486688137054,0.9778461456298828,0.014512130990624428
395,ev_ex_15_2_10_1_rnn__36,[ 0 14 13  3  4 16  6 15  8  9],rnn,3,0.13429182767868042,0.9741538166999817,0.016733551397919655
396,ev_ex_15_2_10_1_rnn__36,[ 0  1  2 14 13  5  6 17 15 18],rnn,3,0.11639637500047684,0.9790769219398499,0.013881835155189037
397,ev_ex_15_2_10_1_rnn__36,[ 0 18 12  3  4  5 15 11  8  9],rnn,3,0.10916615277528763,0.9803076982498169,0.013160547241568565
398,ev_ex_15_2_10_1_rnn__36,[15  1 18 16  4  5 12  7  8  9],rnn,3,0.13509269058704376,0.9747692346572876,0.016543807461857796
399,ev_ex_15_2_10_1_rnn__36,[ 0  1 13  3 16  5  6 10 14  9],rnn,3,0.14968924224376678,0.9716923236846924,0.01853477954864502
400,ev_ex_15_2_10_1_rnn__36,[ 0 12  2  3 17  5 11 15  8 16],rnn,3,0.11856959015130997,0.9784615635871887,0.014195367693901062
401,ev_ex_15_2_10_1_rnn__36,[ 0 13  2 17  4  5  6 18 14  9],rnn,3,0.12400124967098236,0.9766153693199158,0.015364631079137325
402,ev_ex_15_2_10_1_rnn__36,[ 0 10 14 16 11 15  6  7 13 12],rnn,3,0.14100947976112366,0.9735384583473206,0.017346855252981186
403,ev_ex_15_2_10_1_rnn__36,[18  1  2 10 17  5 15 14  8 11],rnn,3,0.11125075072050095,0.979692280292511,0.013331910595297813
404,ev_ex_15_2_10_1_rnn__36,[15 10  2  3  4  5  6  7  8 17],rnn,3,0.12642322480678558,0.9760000109672546,0.015679193660616875
405,ev_ex_15_2_10_1_rnn__36,[ 0 10  2  3 11  5 14  7 13  9],rnn,3,0.11701665073633194,0.9772307872772217,0.014822722412645817
406,ev_ex_15_2_10_1_rnn__36,[0 0 0 0 0 0 0 0 0 0],rnn,3,0.15494951605796814,0.9704615473747253,0.019314978271722794
407,ev_nm_5_2_5_1_rnn__36,[ 0  1 14  3  4 18 12 10 13 16],rnn,3,0.11438770592212677,0.9790769219398499,0.013782708905637264
408,ev_nm_5_2_5_1_rnn__36,[ 0  1 14 12 18 10 13 17 15  9],rnn,3,0.11426478624343872,0.9790769219398499,0.013785823248326778
409,ev_nm_5_2_5_1_rnn__36,[ 0 13  2  3 16  5 12  7  8 11],rnn,3,0.12450467795133591,0.9778461456298828,0.014646373689174652
410,ev_nm_5_2_5_1_rnn__36,[ 0 14  2 17 18  5 13 11  8 15],rnn,3,0.1194624975323677,0.9784615635871887,0.014225592836737633
411,ev_nm_5_2_5_1_rnn__36,[ 0 11  2  3 15 18  6  7 10  9],rnn,3,0.10734786093235016,0.980923056602478,0.012479010038077831
412,ev_nm_5_2_5_1_rnn__36,[ 0 17  2 16 18 11  6 13 14  9],rnn,3,0.12179400026798248,0.9778461456298828,0.014603965915739536
413,ev_nm_5_2_5_1_rnn__36,[ 0 13 12  3  4  5  6  7 10  9],rnn,3,0.12927882373332977,0.9760000109672546,0.01560878660529852
414,ev_nm_5_2_5_1_rnn__36,[ 0  1 16 14  4 17  6  7 12 10],rnn,3,0.11232452839612961,0.9790769219398499,0.013723853044211864
415,ev_nm_5_2_5_1_rnn__36,[ 0  1  2 15 13 14 17 11  8 12],rnn,3,0.10625538975000381,0.980923056602478,0.012600617483258247
416,ev_nm_5_2_5_1_rnn__36,[ 0 14 13  3  4 16  6 15  8  9],rnn,3,0.12537387013435364,0.9766153693199158,0.01528427004814148
417,ev_nm_5_2_5_1_rnn__36,[ 0  1  2 14 13  5  6 17 15 18],rnn,3,0.11139307916164398,0.9803076982498169,0.01309167593717575
418,ev_nm_5_2_5_1_rnn__36,[ 0 18 12  3  4  5 15 11  8  9],rnn,3,0.1427798569202423,0.9723076820373535,0.018061241135001183
419,ev_nm_5_2_5_1_rnn__36,[15  1 18 16  4  5 12  7  8  9],rnn,3,0.11107254028320312,0.9803076982498169,0.012959595769643784
420,ev_nm_5_2_5_1_rnn__36,[ 0  1 13  3 16  5  6 10 14  9],rnn,3,0.1260242909193039,0.9766153693199158,0.0150867635384202
421,ev_nm_5_2_5_1_rnn__36,[ 0 12  2  3 17  5 11 15  8 16],rnn,3,0.13218651711940765,0.9747692346572876,0.01652657240629196
422,ev_nm_5_2_5_1_rnn__36,[ 0 13  2 17  4  5  6 18 14  9],rnn,3,0.12474939972162247,0.9766153693199158,0.015281561762094498
423,ev_nm_5_2_5_1_rnn__36,[ 0 10 14 16 11 15  6  7 13 12],rnn,3,0.141355961561203,0.9729230999946594,0.017676610499620438
424,ev_nm_5_2_5_1_rnn__36,[18  1  2 10 17  5 15 14  8 11],rnn,3,0.11221583932638168,0.979692280292511,0.01334252767264843
425,ev_nm_5_2_5_1_rnn__36,[15 10  2  3  4  5  6  7  8 17],rnn,3,0.12567926943302155,0.9766153693199158,0.015355521813035011
426,ev_nm_5_2_5_1_rnn__36,[ 0 10  2  3 11  5 14  7 13  9],rnn,3,0.10063985735177994,0.9821538329124451,0.011799314059317112
427,ev_nm_5_2_5_1_rnn__36,[0 0 0 0 0 0 0 0 0 0],rnn,3,0.11358199268579483,0.9790769219398499,0.013717095367610455
428,BaseLine,,,4,0.0,0.9766153693199158,0.05292307585477829
429,grades_only,,rnn,4,0.12276019901037216,0.9766153693199158,0.015258396975696087
430,ev_nm_15_1_10_1_rnn__36,[ 0  1 14  3  4 18 12 10 13 16],rnn,4,0.12025058269500732,0.9772307872772217,0.01491338200867176
431,ev_nm_15_1_10_1_rnn__36,[ 0  1 14 12 18 10 13 17 15  9],rnn,4,0.12122581154108047,0.9766153693199158,0.015330925583839417
432,ev_nm_15_1_10_1_rnn__36,[ 0 13  2  3 16  5 12  7  8 11],rnn,4,0.10894551873207092,0.979692280292511,0.013286487199366093
433,ev_nm_15_1_10_1_rnn__36,[ 0 14  2 17 18  5 13 11  8 15],rnn,4,0.12150490283966064,0.9766153693199158,0.015220082364976406
434,ev_nm_15_1_10_1_rnn__36,[ 0 11  2  3 15 18  6  7 10  9],rnn,4,0.12026410549879074,0.9772307872772217,0.014867099933326244
435,ev_nm_15_1_10_1_rnn__36,[ 0 17  2 16 18 11  6 13 14  9],rnn,4,0.09806884825229645,0.982769250869751,0.0114602567628026
436,ev_nm_15_1_10_1_rnn__36,[ 0 13 12  3  4  5  6  7 10  9],rnn,4,0.12233459204435349,0.9766153693199158,0.015365158207714558
437,ev_nm_15_1_10_1_rnn__36,[ 0  1 16 14  4 17  6  7 12 10],rnn,4,0.11270543187856674,0.9778461456298828,0.014252740889787674
438,ev_nm_15_1_10_1_rnn__36,[ 0  1  2 15 13 14 17 11  8 12],rnn,4,0.11394468694925308,0.9784615635871887,0.014050408266484737
439,ev_nm_15_1_10_1_rnn__36,[ 0 14 13  3  4 16  6 15  8  9],rnn,4,0.11409399658441544,0.9790769219398499,0.01379143726080656
440,ev_nm_15_1_10_1_rnn__36,[ 0  1  2 14 13  5  6 17 15 18],rnn,4,0.13254374265670776,0.9747692346572876,0.016542693600058556
441,ev_nm_15_1_10_1_rnn__36,[ 0 18 12  3  4  5 15 11  8  9],rnn,4,0.11538628488779068,0.9784615635871887,0.014116436243057251
442,ev_nm_15_1_10_1_rnn__36,[15  1 18 16  4  5 12  7  8  9],rnn,4,0.12273450940847397,0.9772307872772217,0.014920386485755444
443,ev_nm_15_1_10_1_rnn__36,[ 0  1 13  3 16  5  6 10 14  9],rnn,4,0.1276555210351944,0.9753845930099487,0.016087772324681282
444,ev_nm_15_1_10_1_rnn__36,[ 0 12  2  3 17  5 11 15  8 16],rnn,4,0.11906252801418304,0.9772307872772217,0.014859146438539028
445,ev_nm_15_1_10_1_rnn__36,[ 0 13  2 17  4  5  6 18 14  9],rnn,4,0.11303901672363281,0.9790769219398499,0.013514832593500614
446,ev_nm_15_1_10_1_rnn__36,[ 0 10 14 16 11 15  6  7 13 12],rnn,4,0.14964881539344788,0.9704615473747253,0.019218076020479202
447,ev_nm_15_1_10_1_rnn__36,[18  1  2 10 17  5 15 14  8 11],rnn,4,0.10570034384727478,0.980923056602478,0.012542703188955784
448,ev_nm_15_1_10_1_rnn__36,[15 10  2  3  4  5  6  7  8 17],rnn,4,0.12294933944940567,0.9766153693199158,0.015254844911396503
449,ev_nm_15_1_10_1_rnn__36,[ 0 10  2  3 11  5 14  7 13  9],rnn,4,0.11711438745260239,0.9766153693199158,0.014974275603890419
450,ev_nm_15_1_10_1_rnn__36,[0 0 0 0 0 0 0 0 0 0],rnn,4,0.13797688484191895,0.9735384583473206,0.017281239852309227
451,ev_ex_20_1_5_1_rnn__36,[ 0  1 14  3  4 18 12 10 13 16],rnn,4,0.13531960546970367,0.9735384583473206,0.017028147354722023
452,ev_ex_20_1_5_1_rnn__36,[ 0  1 14 12 18 10 13 17 15  9],rnn,4,0.14838337898254395,0.9723076820373535,0.018177147954702377
453,ev_ex_20_1_5_1_rnn__36,[ 0 13  2  3 16  5 12  7  8 11],rnn,4,0.12613922357559204,0.9753845930099487,0.015848251059651375
454,ev_ex_20_1_5_1_rnn__36,[ 0 14  2 17 18  5 13 11  8 15],rnn,4,0.11295545101165771,0.9784615635871887,0.013822149485349655
455,ev_ex_20_1_5_1_rnn__36,[ 0 11  2  3 15 18  6  7 10  9],rnn,4,0.14085884392261505,0.9723076820373535,0.017964674159884453
456,ev_ex_20_1_5_1_rnn__36,[ 0 17  2 16 18 11  6 13 14  9],rnn,4,0.11720683425664902,0.9778461456298828,0.01428415346890688
457,ev_ex_20_1_5_1_rnn__36,[ 0 13 12  3  4  5  6  7 10  9],rnn,4,0.12502990663051605,0.9760000109672546,0.01564038172364235
458,ev_ex_20_1_5_1_rnn__36,[ 0  1 16 14  4 17  6  7 12 10],rnn,4,0.1199248731136322,0.9772307872772217,0.014842767268419266
459,ev_ex_20_1_5_1_rnn__36,[ 0  1  2 15 13 14 17 11  8 12],rnn,4,0.14517034590244293,0.9716923236846924,0.018444251269102097
460,ev_ex_20_1_5_1_rnn__36,[ 0 14 13  3  4 16  6 15  8  9],rnn,4,0.1425715833902359,0.9723076820373535,0.018029535189270973
461,ev_ex_20_1_5_1_rnn__36,[ 0  1  2 14 13  5  6 17 15 18],rnn,4,0.12899276614189148,0.9753845930099487,0.015916921198368073
462,ev_ex_20_1_5_1_rnn__36,[ 0 18 12  3  4  5 15 11  8  9],rnn,4,0.11153733730316162,0.979692280292511,0.013371925801038742
463,ev_ex_20_1_5_1_rnn__36,[15  1 18 16  4  5 12  7  8  9],rnn,4,0.13565756380558014,0.9747692346572876,0.016292238608002663
464,ev_ex_20_1_5_1_rnn__36,[ 0  1 13  3 16  5  6 10 14  9],rnn,4,0.1214359849691391,0.9772307872772217,0.014886212535202503
465,ev_ex_20_1_5_1_rnn__36,[ 0 12  2  3 17  5 11 15  8 16],rnn,4,0.11645512282848358,0.9790769219398499,0.013746810145676136
466,ev_ex_20_1_5_1_rnn__36,[ 0 13  2 17  4  5  6 18 14  9],rnn,4,0.11327746510505676,0.9790769219398499,0.013726819306612015
467,ev_ex_20_1_5_1_rnn__36,[ 0 10 14 16 11 15  6  7 13 12],rnn,4,0.11065828800201416,0.9790769219398499,0.013657031580805779
468,ev_ex_20_1_5_1_rnn__36,[18  1  2 10 17  5 15 14  8 11],rnn,4,0.12712334096431732,0.9760000109672546,0.01571323722600937
469,ev_ex_20_1_5_1_rnn__36,[15 10  2  3  4  5  6  7  8 17],rnn,4,0.12293955683708191,0.9784615635871887,0.014228172600269318
470,ev_ex_20_1_5_1_rnn__36,[ 0 10  2  3 11  5 14  7 13  9],rnn,4,0.15115632116794586,0.9704615473747253,0.019253304228186607
471,ev_ex_20_1_5_1_rnn__36,[0 0 0 0 0 0 0 0 0 0],rnn,4,0.13087184727191925,0.9741538166999817,0.0167878195643425
472,ev_ex_10_1_5_1_rnn__36,[ 0  1 14  3  4 18 12 10 13 16],rnn,4,0.12698329985141754,0.9753845930099487,0.01602637581527233
473,ev_ex_10_1_5_1_rnn__36,[ 0  1 14 12 18 10 13 17 15  9],rnn,4,0.11225062608718872,0.979692280292511,0.013344183564186096
474,ev_ex_10_1_5_1_rnn__36,[ 0 13  2  3 16  5 12  7  8 11],rnn,4,0.13465240597724915,0.9729230999946594,0.017388224601745605
475,ev_ex_10_1_5_1_rnn__36,[ 0 14  2 17 18  5 13 11  8 15],rnn,4,0.10006208717823029,0.9815384745597839,0.012081337161362171
476,ev_ex_10_1_5_1_rnn__36,[ 0 11  2  3 15 18  6  7 10  9],rnn,4,0.11121254414319992,0.9803076982498169,0.012988600879907608
477,ev_ex_10_1_5_1_rnn__36,[ 0 17  2 16 18 11  6 13 14  9],rnn,4,0.11884819716215134,0.9778461456298828,0.01448016706854105
478,ev_ex_10_1_5_1_rnn__36,[ 0 13 12  3  4  5  6  7 10  9],rnn,4,0.11672697216272354,0.9778461456298828,0.014233867637813091
479,ev_ex_10_1_5_1_rnn__36,[ 0  1 16 14  4 17  6  7 12 10],rnn,4,0.11757749319076538,0.9778461456298828,0.014601216651499271
480,ev_ex_10_1_5_1_rnn__36,[ 0  1  2 15 13 14 17 11  8 12],rnn,4,0.1106213629245758,0.9790769219398499,0.013519714586436749
481,ev_ex_10_1_5_1_rnn__36,[ 0 14 13  3  4 16  6 15  8  9],rnn,4,0.12111949920654297,0.9772307872772217,0.014898263849318027
482,ev_ex_10_1_5_1_rnn__36,[ 0  1  2 14 13  5  6 17 15 18],rnn,4,0.14003139734268188,0.9735384583473206,0.017352288588881493
483,ev_ex_10_1_5_1_rnn__36,[ 0 18 12  3  4  5 15 11  8  9],rnn,4,0.125283882021904,0.9772307872772217,0.015024339780211449
484,ev_ex_10_1_5_1_rnn__36,[15  1 18 16  4  5 12  7  8  9],rnn,4,0.11050856113433838,0.979692280292511,0.013388010673224926
485,ev_ex_10_1_5_1_rnn__36,[ 0  1 13  3 16  5  6 10 14  9],rnn,4,0.10150197148323059,0.9821538329124451,0.011752389371395111
486,ev_ex_10_1_5_1_rnn__36,[ 0 12  2  3 17  5 11 15  8 16],rnn,4,0.12833815813064575,0.9760000109672546,0.015620311722159386
487,ev_ex_10_1_5_1_rnn__36,[ 0 13  2 17  4  5  6 18 14  9],rnn,4,0.14101098477840424,0.9741538166999817,0.017070777714252472
488,ev_ex_10_1_5_1_rnn__36,[ 0 10 14 16 11 15  6  7 13 12],rnn,4,0.13277965784072876,0.9747692346572876,0.016518477350473404
489,ev_ex_10_1_5_1_rnn__36,[18  1  2 10 17  5 15 14  8 11],rnn,4,0.12680557370185852,0.9766153693199158,0.015221936628222466
490,ev_ex_10_1_5_1_rnn__36,[15 10  2  3  4  5  6  7  8 17],rnn,4,0.1281260848045349,0.9753845930099487,0.0160331092774868
491,ev_ex_10_1_5_1_rnn__36,[ 0 10  2  3 11  5 14  7 13  9],rnn,4,0.11885210871696472,0.9778461456298828,0.01451107393950224
492,ev_ex_10_1_5_1_rnn__36,[0 0 0 0 0 0 0 0 0 0],rnn,4,0.10622057318687439,0.9803076982498169,0.012903482653200626
493,ev_ex_30_2_10_1_rnn__36,[ 0  1 14  3  4 18 12 10 13 16],rnn,4,0.11564025282859802,0.9790769219398499,0.013807562179863453
494,ev_ex_30_2_10_1_rnn__36,[ 0  1 14 12 18 10 13 17 15  9],rnn,4,0.1248488500714302,0.9778461456298828,0.014600411057472229
495,ev_ex_30_2_10_1_rnn__36,[ 0 13  2  3 16  5 12  7  8 11],rnn,4,0.12410666048526764,0.9766153693199158,0.015295710414648056
496,ev_ex_30_2_10_1_rnn__36,[ 0 14  2 17 18  5 13 11  8 15],rnn,4,0.12678071856498718,0.9766153693199158,0.015377527102828026
497,ev_ex_30_2_10_1_rnn__36,[ 0 11  2  3 15 18  6  7 10  9],rnn,4,0.12925411760807037,0.9760000109672546,0.015734104439616203
498,ev_ex_30_2_10_1_rnn__36,[ 0 17  2 16 18 11  6 13 14  9],rnn,4,0.14444534480571747,0.9735384583473206,0.017486371099948883
499,ev_ex_30_2_10_1_rnn__36,[ 0 13 12  3  4  5  6  7 10  9],rnn,4,0.1206432655453682,0.9772307872772217,0.01470505353063345
500,ev_ex_30_2_10_1_rnn__36,[ 0  1 16 14  4 17  6  7 12 10],rnn,4,0.10795469582080841,0.9803076982498169,0.012957029975950718
501,ev_ex_30_2_10_1_rnn__36,[ 0  1  2 15 13 14 17 11  8 12],rnn,4,0.15656626224517822,0.9704615473747253,0.0193399079144001
502,ev_ex_30_2_10_1_rnn__36,[ 0 14 13  3  4 16  6 15  8  9],rnn,4,0.1368260234594345,0.9741538166999817,0.016919413581490517
503,ev_ex_30_2_10_1_rnn__36,[ 0  1  2 14 13  5  6 17 15 18],rnn,4,0.11796626448631287,0.9778461456298828,0.01444252673536539
504,ev_ex_30_2_10_1_rnn__36,[ 0 18 12  3  4  5 15 11  8  9],rnn,4,0.14563322067260742,0.9716923236846924,0.018425986170768738
505,ev_ex_30_2_10_1_rnn__36,[15  1 18 16  4  5 12  7  8  9],rnn,4,0.13525977730751038,0.9747692346572876,0.01660774275660515
506,ev_ex_30_2_10_1_rnn__36,[ 0  1 13  3 16  5  6 10 14  9],rnn,4,0.13671360909938812,0.9735384583473206,0.017148733139038086
507,ev_ex_30_2_10_1_rnn__36,[ 0 12  2  3 17  5 11 15  8 16],rnn,4,0.10865737497806549,0.980923056602478,0.012663565576076508
508,ev_ex_30_2_10_1_rnn__36,[ 0 13  2 17  4  5  6 18 14  9],rnn,4,0.12673483788967133,0.9760000109672546,0.015665249899029732
509,ev_ex_30_2_10_1_rnn__36,[ 0 10 14 16 11 15  6  7 13 12],rnn,4,0.11912878602743149,0.9772307872772217,0.014745954424142838
510,ev_ex_30_2_10_1_rnn__36,[18  1  2 10 17  5 15 14  8 11],rnn,4,0.11587640643119812,0.9790769219398499,0.013780759647488594
511,ev_ex_30_2_10_1_rnn__36,[15 10  2  3  4  5  6  7  8 17],rnn,4,0.1316637396812439,0.9747692346572876,0.016487790271639824
512,ev_ex_30_2_10_1_rnn__36,[ 0 10  2  3 11  5 14  7 13  9],rnn,4,0.10795842856168747,0.9803076982498169,0.0129717281088233
513,ev_ex_30_2_10_1_rnn__36,[0 0 0 0 0 0 0 0 0 0],rnn,4,0.11710082739591599,0.9784615635871887,0.01414364855736494
514,ev_nm_15_1_10_1_rnn__36,[ 0  1 14  3  4 18 12 10 13 16],rnn,4,0.11039391905069351,0.979692280292511,0.013299532234668732
515,ev_nm_15_1_10_1_rnn__36,[ 0  1 14 12 18 10 13 17 15  9],rnn,4,0.12814806401729584,0.9760000109672546,0.015807844698429108
516,ev_nm_15_1_10_1_rnn__36,[ 0 13  2  3 16  5 12  7  8 11],rnn,4,0.12474682927131653,0.9760000109672546,0.015671735629439354
517,ev_nm_15_1_10_1_rnn__36,[ 0 14  2 17 18  5 13 11  8 15],rnn,4,0.09514115005731583,0.9833846092224121,0.010947474278509617
518,ev_nm_15_1_10_1_rnn__36,[ 0 11  2  3 15 18  6  7 10  9],rnn,4,0.14083917438983917,0.9735384583473206,0.017372751608490944
519,ev_nm_15_1_10_1_rnn__36,[ 0 17  2 16 18 11  6 13 14  9],rnn,4,0.13187558948993683,0.9735384583473206,0.016970554366707802
520,ev_nm_15_1_10_1_rnn__36,[ 0 13 12  3  4  5  6  7 10  9],rnn,4,0.1252443939447403,0.9778461456298828,0.014574293978512287
521,ev_nm_15_1_10_1_rnn__36,[ 0  1 16 14  4 17  6  7 12 10],rnn,4,0.1387149840593338,0.9735384583473206,0.01737228035926819
522,ev_nm_15_1_10_1_rnn__36,[ 0  1  2 15 13 14 17 11  8 12],rnn,4,0.11569111794233322,0.9778461456298828,0.014521857723593712
523,ev_nm_15_1_10_1_rnn__36,[ 0 14 13  3  4 16  6 15  8  9],rnn,4,0.12644176185131073,0.9753845930099487,0.015998955816030502
524,ev_nm_15_1_10_1_rnn__36,[ 0  1  2 14 13  5  6 17 15 18],rnn,4,0.09417521953582764,0.9833846092224121,0.010991686023771763
525,ev_nm_15_1_10_1_rnn__36,[ 0 18 12  3  4  5 15 11  8  9],rnn,4,0.12353211641311646,0.9772307872772217,0.015011195093393326
526,ev_nm_15_1_10_1_rnn__36,[15  1 18 16  4  5 12  7  8  9],rnn,4,0.125834122300148,0.9766153693199158,0.015356107614934444
527,ev_nm_15_1_10_1_rnn__36,[ 0  1 13  3 16  5  6 10 14  9],rnn,4,0.14448319375514984,0.9716923236846924,0.018428457900881767
528,ev_nm_15_1_10_1_rnn__36,[ 0 12  2  3 17  5 11 15  8 16],rnn,4,0.12760137021541595,0.9753845930099487,0.015927202999591827
529,ev_nm_15_1_10_1_rnn__36,[ 0 13  2 17  4  5  6 18 14  9],rnn,4,0.1200336441397667,0.9778461456298828,0.014492977410554886
530,ev_nm_15_1_10_1_rnn__36,[ 0 10 14 16 11 15  6  7 13 12],rnn,4,0.1274433583021164,0.9760000109672546,0.015469119884073734
531,ev_nm_15_1_10_1_rnn__36,[18  1  2 10 17  5 15 14  8 11],rnn,4,0.11686893552541733,0.9784615635871887,0.014125669375061989
532,ev_nm_15_1_10_1_rnn__36,[15 10  2  3  4  5  6  7  8 17],rnn,4,0.13213320076465607,0.9760000109672546,0.01596285030245781
533,ev_nm_15_1_10_1_rnn__36,[ 0 10  2  3 11  5 14  7 13  9],rnn,4,0.15766210854053497,0.9698461294174194,0.01990850269794464
534,ev_nm_15_1_10_1_rnn__36,[0 0 0 0 0 0 0 0 0 0],rnn,4,0.10612895339727402,0.980923056602478,0.012546698562800884
